id,name,image,infopic,role,picture_file_name,picture_content_type,picture_file_size,picture_updated_at,created_at,updated_at
11,Velero,https://bitacoradelmotoneto.files.wordpress.com/2017/03/otros_05.jpg,Naufragio | Test Texturas,others,,,,,2017-03-28 03:50:34.040462,2017-03-30 15:53:05.553301
14,Piraña Berebere,https://bitacoradelmotoneto.files.wordpress.com/2017/03/productos_02.jpg,Piraña Berebere | Set Completo,products,,,,,2017-03-30 04:43:54.953865,2017-03-30 16:06:03.200755
10,Piraña Berebere,https://bitacoradelmotoneto.files.wordpress.com/2017/03/productos_01.jpg,Piraña Berebere | Lámpara,products,,,,,2017-03-28 03:50:34.037204,2017-05-24 02:24:42.793373
50,Velero,https://bitacoradelmotoneto.files.wordpress.com/2017/03/otros_06.jpg,Naufragio | Test Texturas,others,,,,,2017-03-30 15:37:31.319054,2017-03-30 15:53:18.338488
33,San Juán de la Vega,https://bitacoradelmotoneto.files.wordpress.com/2017/03/espacios_01.jpg,Apartamento Las Vegas | Salón,spaces,,,,,2017-03-30 04:53:05.158195,2017-03-30 15:59:58.201838
49,Velero,https://bitacoradelmotoneto.files.wordpress.com/2017/03/otros_04.jpg,Naufragio | Test Texturas,others,,,,,2017-03-30 15:36:41.003903,2017-03-30 15:52:59.226916
35,San Juán de la Vega,https://bitacoradelmotoneto.files.wordpress.com/2017/03/espacios_03.jpg,Apartamento Las Vegas | Vista Superior,spaces,,,,,2017-03-30 04:55:21.347058,2017-03-30 16:00:44.608008
36,Casa Containers,https://bitacoradelmotoneto.files.wordpress.com/2017/03/espacios_04.jpg,Casa Containers | Baño,spaces,,,,,2017-03-30 04:55:35.783585,2017-03-30 16:01:08.620653
37,Casa Containers,https://bitacoradelmotoneto.files.wordpress.com/2017/03/espacios_05.jpg,Casa Containers | Vista Superior,spaces,,,,,2017-03-30 04:55:56.731059,2017-03-30 16:01:30.026836
41,Casa Rionegro,https://bitacoradelmotoneto.files.wordpress.com/2017/03/espacios_09.jpg,Casa Rionegro | Salón,spaces,,,,,2017-03-30 04:56:48.53291,2017-03-30 16:02:23.80291
42,Casa Rionegro,https://bitacoradelmotoneto.files.wordpress.com/2017/03/espacios_10.jpg,Casa Rionegro | Cocina,spaces,,,,,2017-03-30 04:57:02.099466,2017-03-30 16:02:35.898023
43,Plano Superior,https://bitacoradelmotoneto.files.wordpress.com/2017/03/espacios_11.jpg,Bosques de Zuñiga | Vista Superior,spaces,,,,,2017-03-30 04:57:16.217625,2017-03-30 16:03:09.914931
44,Plano Superior Perspectiva,https://bitacoradelmotoneto.files.wordpress.com/2017/03/espacios_12.jpg,Bosques de Zuñiga | Vista Superior,spaces,,,,,2017-03-30 04:57:27.681415,2017-03-30 16:03:27.488461
46,Apto Las Vegas,https://bitacoradelmotoneto.files.wordpress.com/2017/03/espacios_14.jpg,Apartamento San Juan de la Vega | Cuarto,spaces,,,,,2017-03-30 04:57:52.796075,2017-03-30 16:04:09.329455
47,Diseño Puerta,https://bitacoradelmotoneto.files.wordpress.com/2017/03/espacios_15.jpg,Cocina | Diseño Puerta,spaces,,,,,2017-03-30 04:58:05.976663,2017-03-30 16:04:25.611038
48,Piscina,https://bitacoradelmotoneto.files.wordpress.com/2017/03/espacios_16.jpg,Academia Brazada | Vista General,spaces,,,,,2017-03-30 04:58:18.543263,2017-03-30 16:04:43.332622
15,Top Case,https://bitacoradelmotoneto.files.wordpress.com/2017/03/productos_03.jpg,Top Case para ATV | Diseño propio,products,,,,,2017-03-30 04:44:34.078988,2017-03-30 16:06:38.543051
16,Velero Classe Piraten,https://bitacoradelmotoneto.files.wordpress.com/2017/03/productos_04.jpg,Full View | Diseño Propio,products,,,,,2017-03-30 04:45:21.040839,2017-03-30 16:07:12.806214
17,Velero Classe Piraten,https://bitacoradelmotoneto.files.wordpress.com/2017/03/productos_05.jpg,Detalles | Diseño Propio,products,,,,,2017-03-30 04:45:55.290677,2017-03-30 16:07:34.582693
18,Velero Classe Piraten,https://bitacoradelmotoneto.files.wordpress.com/2017/03/productos_06.jpg,Vista trasera | Diseño Propio,products,,,,,2017-03-30 04:46:25.376534,2017-03-30 16:08:13.786682
19,Velero Classe Piraten,https://bitacoradelmotoneto.files.wordpress.com/2017/03/productos_07.jpg,Vista Delantera | Diseño Propio,products,,,,,2017-03-30 04:46:50.636905,2017-03-30 16:09:08.922242
21,Sofá,https://bitacoradelmotoneto.files.wordpress.com/2017/03/productos_09.jpg?w=648,Sofá Boo | Perceptual,products,,,,,2017-03-30 04:47:46.92058,2017-03-30 16:09:44.183385
22,Muebles,https://bitacoradelmotoneto.files.wordpress.com/2017/03/productos_10.jpg,Muebles Bar | Modelos,products,,,,,2017-03-30 04:48:10.769515,2017-03-30 16:10:10.813001
23,Archivero,https://bitacoradelmotoneto.files.wordpress.com/2017/03/productos_11.jpg,Organizador Archivo Histórico | Clínica Medellín,products,,,,,2017-03-30 04:48:43.629174,2017-03-30 16:10:39.543126
24,Archivo,https://bitacoradelmotoneto.files.wordpress.com/2017/03/productos_12.jpg,Organizador Archivo Histórico | Clínica Medellín,products,,,,,2017-03-30 04:49:00.908322,2017-03-30 16:10:49.515031
25,Archivo,https://bitacoradelmotoneto.files.wordpress.com/2017/03/productos_13.jpg,Organizador Archivo Histórico | Clínica Medellín,products,,,,,2017-03-30 04:49:16.119724,2017-03-30 16:10:59.050962
27,Archivo,https://bitacoradelmotoneto.files.wordpress.com/2017/03/productos_15.jpg,Organizador Archivo Histórico | Clínica Medellín,products,,,,,2017-03-30 04:49:53.603887,2017-03-30 16:11:20.062681
28,Bar,https://bitacoradelmotoneto.files.wordpress.com/2017/03/productos_16.jpg,Bar Móbil | Diseño Propio,products,,,,,2017-03-30 04:50:11.827327,2017-03-30 16:11:54.868542
29,Despertador,https://bitacoradelmotoneto.files.wordpress.com/2017/03/productos_17.jpg,Despertador | Test Modelado,products,,,,,2017-03-30 04:50:26.182246,2017-03-30 16:12:13.929089
30,Servilletero,https://bitacoradelmotoneto.files.wordpress.com/2017/03/productos_18.jpg,Servilletero | Test Modelado,products,,,,,2017-03-30 04:50:46.273294,2017-03-30 16:12:28.020067
32,Solpidem,https://bitacoradelmotoneto.files.wordpress.com/2017/03/productos_20.jpg,Solpidem | Empaque Interior,products,,,,,2017-03-30 04:51:15.994705,2017-03-30 16:13:04.756198
9,Anillo,https://bitacoradelmotoneto.files.wordpress.com/2017/03/joyas_manu_20170307_162938.jpg,Fondo florido,fotosJoyas,,,,,2017-03-28 03:50:34.034143,2017-05-20 19:49:09.816692
8,Anillo,https://bitacoradelmotoneto.files.wordpress.com/2017/03/joyas_manu-20160807_211425.jpg,Anillo fondo blanco,fotosJoyas,,,,,2017-03-28 03:50:34.031121,2017-03-30 17:09:25.555909
13,Anillo,https://bitacoradelmotoneto.files.wordpress.com/2017/03/dsc_7497.jpg,Fondo decorado,fotosJoyas,,,,,2017-03-30 04:42:49.415024,2017-03-30 17:10:28.153464
7,Parqueadero,https://bitacoradelmotoneto.files.wordpress.com/2017/04/ljubljana-20140709_164636.jpg,Ljubljana | Eslovenia,fotosUrbano,,,,,2017-03-28 03:50:34.027864,2017-04-03 18:42:17.476102
5,Caña,https://bitacoradelmotoneto.files.wordpress.com/2017/04/dia-1-20111102_143123.jpg,Valle del Cauca | Colombia,fotosPaisajes,,,,,2017-03-28 03:50:34.021368,2017-04-03 04:03:03.785002
1,Schule,https://bitacoradelmotoneto.files.wordpress.com/2017/04/basel-20150306_153833_web.jpg,Basel | Suiza,fotosUrbano,,,,,2017-03-28 03:50:34.004739,2017-04-03 18:41:25.32966
3,Guatemala,https://bitacoradelmotoneto.files.wordpress.com/2017/04/alto-palermo-20120909_165607.jpg,Buenos Aires | Argentina,fotosCuadrados,,,,,2017-03-28 03:50:34.015562,2017-04-04 01:58:20.566054
4,Nieve,https://bitacoradelmotoneto.files.wordpress.com/2017/04/aletsch-20160601_151010.jpg,Aletschgletscher | Suiza,fotosTexturas,,,,,2017-03-28 03:50:34.018503,2017-04-03 19:03:42.799825
2,Urca,https://bitacoradelmotoneto.files.wordpress.com/2017/04/rio-20120729_161051.jpg,Rio de Janeiro | Brasil,fotosMuelles,,,,,2017-03-28 03:50:34.012521,2017-04-04 00:29:30.585574
51,Estanque,https://bitacoradelmotoneto.files.wordpress.com/2017/03/otros_01.jpg,Pirañas | Test Luces Cáusticas,others,,,,,2017-03-30 15:38:02.276764,2017-03-30 15:52:44.173519
52,Pez,https://bitacoradelmotoneto.files.wordpress.com/2017/03/otros_02.jpg,Piraña | Text Texturas & UV Unwrap,others,,,,,2017-03-30 15:38:38.287194,2017-03-30 15:53:58.520918
53,Pez,https://bitacoradelmotoneto.files.wordpress.com/2017/03/otros_03.jpg,Piraña | Texturas,others,,,,,2017-03-30 15:39:01.636542,2017-03-30 15:54:16.082496
54,Chevrolet Vitara,https://bitacoradelmotoneto.files.wordpress.com/2017/03/otros_07.jpg,Chevrolet Vitara | Test Modelado,others,,,,,2017-03-30 15:45:50.904433,2017-03-30 15:54:38.1599
55,Chevrolet Vitara,https://bitacoradelmotoneto.files.wordpress.com/2017/03/otros_08.jpg,Chevrolet Vitara | Test Modelado,others,,,,,2017-03-30 15:46:15.751732,2017-03-30 15:54:50.369639
56,Sofá,https://bitacoradelmotoneto.files.wordpress.com/2017/03/otros_09.jpg,Sofá | Test Texturas,others,,,,,2017-03-30 15:46:56.147881,2017-03-30 15:55:24.537299
57,Silo,https://bitacoradelmotoneto.files.wordpress.com/2017/03/otros_10.jpg,Silo Cementero | Modelado,others,,,,,2017-03-30 15:47:20.839149,2017-03-30 15:55:52.26501
58,Trofeo,https://bitacoradelmotoneto.files.wordpress.com/2017/03/otros_11.jpg,Trofeo | Modelado,others,,,,,2017-03-30 15:47:42.910552,2017-03-30 15:56:12.520033
59,Mostrador Joyas,https://bitacoradelmotoneto.files.wordpress.com/2017/03/otros_12.jpg,Mostrador Joyas | Vista general,others,,,,,2017-03-30 15:48:15.235486,2017-03-30 15:56:35.109674
60,Empaque Plantas,https://bitacoradelmotoneto.files.wordpress.com/2017/03/otros_13.jpg,Empaque Plantas Mariposas | Vista general,others,,,,,2017-03-30 15:48:33.713027,2017-03-30 15:57:07.19341
61,Mesa selección,https://bitacoradelmotoneto.files.wordpress.com/2017/03/otros_14.jpg,Mesa Selección | Diseño Propio,others,,,,,2017-03-30 15:49:00.665503,2017-03-30 15:57:32.58514
34,San Juán de la Vega,https://bitacoradelmotoneto.files.wordpress.com/2017/03/espacios_02.jpg,Apartamento Las Vegas | Comedor,spaces,,,,,2017-03-30 04:55:08.059741,2017-03-30 16:00:22.165357
45,Oficina,https://bitacoradelmotoneto.files.wordpress.com/2017/03/espacios_13.jpg,Apartamento San Juan de la Vega | Oficina,spaces,,,,,2017-03-30 04:57:41.27533,2017-03-30 16:03:47.56323
39,La Trinidad,https://bitacoradelmotoneto.files.wordpress.com/2017/03/espacios_07.jpg,Mariposario La Trinidad | Lago,spaces,,,,,2017-03-30 04:56:21.738254,2017-03-30 16:05:02.037405
40,La Trinidad,https://bitacoradelmotoneto.files.wordpress.com/2017/03/espacios_08.jpg,Mariposario La Trinidad | Deck,spaces,,,,,2017-03-30 04:56:34.398689,2017-03-30 16:05:29.446567
20,Sillón,https://bitacoradelmotoneto.files.wordpress.com/2017/03/productos_08.jpg,Sillón | Diseño Propio,products,,,,,2017-03-30 04:47:10.043123,2017-03-30 16:09:29.552244
26,Archivo,https://bitacoradelmotoneto.files.wordpress.com/2017/03/productos_14.jpg,Organizador Archivo Histórico | Clínica Medellín,products,,,,,2017-03-30 04:49:32.962565,2017-03-30 16:11:07.813194
31,Solpidem,https://bitacoradelmotoneto.files.wordpress.com/2017/03/productos_19.jpg,Solpidem | Empaque Exterior,products,,,,,2017-03-30 04:51:02.151244,2017-03-30 16:12:45.787808
62,Anillo,https://bitacoradelmotoneto.files.wordpress.com/2017/03/anillo-20131114_101551ph.jpg,Fondo Blanco,fotosJoyas,,,,,2017-03-30 17:11:53.74896,2017-03-30 17:11:53.74896
63,Anillo,https://bitacoradelmotoneto.files.wordpress.com/2017/03/anillo-20151104_155541_02.jpg,Fondo Decorado,fotosJoyas,,,,,2017-03-30 17:12:16.269433,2017-03-30 17:12:16.269433
64,Anillos,https://bitacoradelmotoneto.files.wordpress.com/2017/03/dsc_7257_02.jpg,Fondo Florido,fotosJoyas,,,,,2017-03-30 17:12:43.143195,2017-03-30 17:12:43.143195
66,Anillos,https://bitacoradelmotoneto.files.wordpress.com/2017/03/dsc_9065anillo.jpg,Fondo Blanco,fotosJoyas,,,,,2017-03-30 17:13:51.662352,2017-03-30 17:13:51.662352
67,Anillo,https://bitacoradelmotoneto.files.wordpress.com/2017/03/joyas_20170225_233353.jpg,Anillo sobre madera,fotosJoyas,,,,,2017-03-30 17:14:16.550952,2017-03-30 17:14:16.550952
68,Anillo,https://bitacoradelmotoneto.files.wordpress.com/2017/03/joyas_20170225_235425.jpg,Fondo desordenado,fotosJoyas,,,,,2017-03-30 17:14:42.896271,2017-03-30 17:14:42.896271
71,Anillo,https://bitacoradelmotoneto.files.wordpress.com/2017/03/joyas_20170225_234801.jpg,Fondo florido,fotosJoyas,,,,,2017-03-30 17:16:02.959468,2017-03-30 17:16:02.959468
72,Anillo,https://bitacoradelmotoneto.files.wordpress.com/2017/03/joyas_manu_20170307_164753.jpg,Juego sombras,fotosJoyas,,,,,2017-03-30 17:16:26.597456,2017-03-30 17:16:26.597456
73,Hebilla,https://bitacoradelmotoneto.files.wordpress.com/2017/03/joyas_manu_20170312_163101.jpg,Fondo textura,fotosJoyas,,,,,2017-03-30 17:17:15.109008,2017-03-30 17:17:15.109008
74,Anillo,https://bitacoradelmotoneto.files.wordpress.com/2017/03/joyas_manu_20170312_163933.jpg,Fondo Blanco,fotosJoyas,,,,,2017-03-30 17:17:40.262048,2017-03-30 17:17:40.262048
75,Anillo,https://bitacoradelmotoneto.files.wordpress.com/2017/03/joyas_manu-20160807_210934.jpg,Fondo florido,fotosJoyas,,,,,2017-03-30 17:18:02.154836,2017-03-30 17:18:02.154836
76,Anillo,https://bitacoradelmotoneto.files.wordpress.com/2017/03/joyas_manu-20160807_212512.jpg,Detalle Piedra,fotosJoyas,,,,,2017-03-30 17:18:22.662058,2017-03-30 17:18:22.662058
77,Collar,https://bitacoradelmotoneto.files.wordpress.com/2017/03/joyas_manu-20160807_213407.jpg,Fondo Blanco,fotosJoyas,,,,,2017-03-30 17:18:44.203373,2017-03-30 17:18:44.203373
78,Areta,https://bitacoradelmotoneto.files.wordpress.com/2017/03/joyas_manu-20160807_214003.jpg,Fondo Blanco,fotosJoyas,,,,,2017-03-30 17:19:08.978486,2017-03-30 17:19:08.978486
79,Collar,https://bitacoradelmotoneto.files.wordpress.com/2017/03/joyas_manu-20160807_214227.jpg,Detalle Figura,fotosJoyas,,,,,2017-03-30 17:19:29.425224,2017-03-30 17:19:29.425224
80,Anillo,https://bitacoradelmotoneto.files.wordpress.com/2017/03/macro-20130729_140620.jpg,Fondo Blanco,fotosJoyas,,,,,2017-03-30 17:19:51.630982,2017-03-30 17:19:51.630982
81,Anillo,https://bitacoradelmotoneto.files.wordpress.com/2017/03/macro-20130729_144917.jpg,Fondo Blanco,fotosJoyas,,,,,2017-03-30 17:20:16.597951,2017-03-30 17:20:16.597951
82,Areta,https://bitacoradelmotoneto.files.wordpress.com/2017/03/macro-20130729_145657.jpg,Detalle,fotosJoyas,,,,,2017-03-30 17:20:38.629862,2017-03-30 17:20:38.629862
83,Aretas,https://bitacoradelmotoneto.files.wordpress.com/2017/03/macro-20130729_150019.jpg,Foto conjunto,fotosJoyas,,,,,2017-03-30 17:21:00.366266,2017-03-30 17:21:00.366266
84,Hembra,https://bitacoradelmotoneto.files.wordpress.com/2017/03/macro-20130627_163323_01.jpg,Detalle,fotosComp,,,,,2017-03-30 17:28:00.985841,2017-03-30 17:28:39.598307
85,Hebilla,https://bitacoradelmotoneto.files.wordpress.com/2017/03/macro-20130627_155901ph_01.jpg,Detalle,fotosComp,,,,,2017-03-30 17:29:05.898541,2017-03-30 17:29:05.898541
86,Gancho,https://bitacoradelmotoneto.files.wordpress.com/2017/03/macro-20130628_145122_01.jpg,Detalle Rosca,fotosComp,,,,,2017-03-30 17:29:27.469623,2017-03-30 17:29:27.469623
87,Pinzas Eléctricas,https://bitacoradelmotoneto.files.wordpress.com/2017/03/macro-20130628_151132_01.jpg,Vista general,fotosComp,,,,,2017-03-30 17:29:59.904425,2017-03-30 17:29:59.904425
88,Botón,https://bitacoradelmotoneto.files.wordpress.com/2017/03/macro-20130703_113601ph_1_01.jpg,Vista frontal,fotosComp,,,,,2017-03-30 17:30:28.456199,2017-03-30 17:30:28.456199
89,Seguro,https://bitacoradelmotoneto.files.wordpress.com/2017/03/macro-20130703_115443ph_01.jpg,Vista,fotosComp,,,,,2017-03-30 17:30:57.076319,2017-03-30 17:30:57.076319
90,Chapetas,https://bitacoradelmotoneto.files.wordpress.com/2017/03/macro-20130703_120533ph_01.jpg,Detalle,fotosComp,,,,,2017-03-30 17:32:32.236279,2017-03-30 17:32:32.236279
91,Piezas Decorativas,https://bitacoradelmotoneto.files.wordpress.com/2017/03/macro-20130703_121334ph_01.jpg,Vista General,fotosComp,,,,,2017-03-30 17:33:01.602692,2017-03-30 17:33:01.602692
92,Tornillos,https://bitacoradelmotoneto.files.wordpress.com/2017/03/macro-20130625_160925ph_01.jpg,Vista General,fotosComp,,,,,2017-03-30 17:33:23.668756,2017-03-30 17:33:23.668756
93,Triptico,https://bitacoradelmotoneto.files.wordpress.com/2017/03/opcion-7a.jpg,Render general,fotosCuadros,,,,,2017-03-30 17:36:22.501199,2017-03-30 18:06:43.320421
94,Foto Grafiti,https://bitacoradelmotoneto.files.wordpress.com/2017/03/cuadros-20131117_151326ph_01_01.jpg,Vista,fotosCuadros,,,,,2017-03-30 18:07:15.066973,2017-03-30 18:07:15.066973
95,Fotos Grafitis,https://bitacoradelmotoneto.files.wordpress.com/2017/03/cuadros-20131117_151241ph_01_01.jpg,Vista,fotosCuadros,,,,,2017-03-30 18:07:37.819346,2017-03-30 18:07:37.819346
96,Panorámico Roraima,https://bitacoradelmotoneto.files.wordpress.com/2017/03/cuadros-20131003_094423ph_01.jpg,Vista,fotosCuadros,,,,,2017-03-30 18:08:05.905084,2017-03-30 18:08:05.905084
98,Tríptico texturas,https://bitacoradelmotoneto.files.wordpress.com/2017/03/dsc0015tratada_1-20110923_160038.jpg,Vista,fotosCuadros,,,,,2017-03-30 18:08:58.263228,2017-03-30 18:08:58.263228
97,Foto Grafiti,https://bitacoradelmotoneto.files.wordpress.com/2017/03/1378045_10151952530816411_1555402432_n.jpg,Vista,fotosCuadros,,,,,2017-03-30 18:08:28.04323,2017-03-30 18:08:28.04323
99,Foto Perro,https://bitacoradelmotoneto.files.wordpress.com/2017/03/dsc0006-20110923_153055.jpg,Impresión 1.3 x 1.2 mts,fotosCuadros,,,,,2017-03-30 18:13:35.149392,2017-03-30 18:13:35.149392
100,Foto Fantasma,https://bitacoradelmotoneto.files.wordpress.com/2017/03/dsc0003ph_01.jpg,Impresión en poliestireno,fotosCuadros,,,,,2017-03-30 18:14:04.317163,2017-03-30 18:14:04.317163
123,Doble,https://bitacoradelmotoneto.files.wordpress.com/2017/04/retiro-20120603_143243.jpg,Buenos Aires | Argentina,fotosDetalles,,,,,2017-04-03 03:29:36.677886,2017-04-03 03:29:36.677886
6,Cuidado!,https://bitacoradelmotoneto.files.wordpress.com/2017/04/aletsch-20160601_133853.jpg,Aletschgletscher | Suiza,fotosDetalles,,,,,2017-03-28 03:50:34.024386,2017-04-03 02:55:15.455408
101,Calle Guatemala,https://bitacoradelmotoneto.files.wordpress.com/2017/04/alto-palermo-20120909_165156.jpg,Buenos Aires | Argentina,fotosDetalles,,,,,2017-04-03 02:57:26.791019,2017-04-03 02:57:26.791019
102,Pasajeros,https://bitacoradelmotoneto.files.wordpress.com/2017/04/da-lat-20160226_165434.jpg,Da Lat | Vietnam,fotosDetalles,,,,,2017-04-03 02:58:54.182775,2017-04-03 02:58:54.182775
103,Musgo,https://bitacoradelmotoneto.files.wordpress.com/2017/04/dia-117-20120226_121522.jpg,Bariloche | Argentina,fotosDetalles,,,,,2017-04-03 03:00:01.833122,2017-04-03 03:00:01.833122
104,Lámpara,https://bitacoradelmotoneto.files.wordpress.com/2017/04/dia-151-20121005_102638.jpg,Montevideo | Uruguay,fotosDetalles,,,,,2017-04-03 03:02:07.924761,2017-04-03 03:02:07.924761
105,Cables,https://bitacoradelmotoneto.files.wordpress.com/2017/04/dia-181-20121104_112700.jpg,Rio de Janeiro | Brasil,fotosDetalles,,,,,2017-04-03 03:04:31.793311,2017-04-03 03:04:31.793311
106,Signo Cauchero,https://bitacoradelmotoneto.files.wordpress.com/2017/04/dia-237-238-20130311_133518.jpg,Alter Do Chão | Brasil,fotosDetalles,,,,,2017-04-03 03:06:42.599669,2017-04-03 03:06:42.599669
107,Especias,https://bitacoradelmotoneto.files.wordpress.com/2017/04/freiburg-20160520_105944.jpg,Freiburg | Alemania,fotosDetalles,,,,,2017-04-03 03:08:29.587871,2017-04-03 03:08:29.587871
108,Doppeltreppe,https://bitacoradelmotoneto.files.wordpress.com/2017/04/graz-20140714_122334.jpg,Graz | Austria,fotosDetalles,,,,,2017-04-03 03:09:23.885133,2017-04-03 03:09:23.885133
109,Temppelaukion kirkko,https://bitacoradelmotoneto.files.wordpress.com/2017/04/helsinki-20140805_121615.jpg,Helsinki | Finlandia,fotosDetalles,,,,,2017-04-03 03:12:35.675868,2017-04-03 03:12:35.675868
110,Vaca budista,https://bitacoradelmotoneto.files.wordpress.com/2017/04/hong-kong-20160217_045433.jpg,Hong Kong,fotosDetalles,,,,,2017-04-03 03:13:35.145661,2017-04-03 03:13:35.145661
111,Sultan Ahmed,https://bitacoradelmotoneto.files.wordpress.com/2017/04/istambul-20140528_114359.jpg,Istambul | Turquia,fotosDetalles,,,,,2017-04-03 03:14:37.387341,2017-04-03 03:14:37.387341
112,Dragón,https://bitacoradelmotoneto.files.wordpress.com/2017/04/kazan-20140726_173511.jpg,Kazan | Rusia,fotosDetalles,,,,,2017-04-03 03:15:53.107398,2017-04-03 03:15:53.107398
113,Alumbrado,https://bitacoradelmotoneto.files.wordpress.com/2017/04/kocc88ln-20150509_154216.jpg,Köln | Alemania,fotosDetalles,,,,,2017-04-03 03:17:41.425517,2017-04-03 03:17:41.425517
114,Camões,https://bitacoradelmotoneto.files.wordpress.com/2017/04/lisboa-20150405_152821.jpg,Lisboa | Portugal,fotosDetalles,,,,,2017-04-03 03:18:56.349323,2017-04-03 03:18:56.349323
115,Fachada,https://bitacoradelmotoneto.files.wordpress.com/2017/04/lisboa-20150407_124840.jpg,Lisboa | Portugal,fotosDetalles,,,,,2017-04-03 03:19:53.523488,2017-04-03 03:19:53.523488
116,Secador,https://bitacoradelmotoneto.files.wordpress.com/2017/04/ljubljana-20140707_170033.jpg,Tallinn | Estonia,fotosDetalles,,,,,2017-04-03 03:20:32.437368,2017-04-03 03:20:32.437368
117,Alumbrado Público,https://bitacoradelmotoneto.files.wordpress.com/2017/04/ljubljana-20140707_180453.jpg,Ljubljana | Eslovenia,fotosDetalles,,,,,2017-04-03 03:21:19.56754,2017-04-03 03:21:19.56754
118,Terracita,https://bitacoradelmotoneto.files.wordpress.com/2017/04/luangprabang-20160320_170255.jpg,Luang Prabang | Laos,fotosDetalles,,,,,2017-04-03 03:22:01.1173,2017-04-03 03:22:01.1173
119,Ganchos,https://bitacoradelmotoneto.files.wordpress.com/2017/04/luangprabang-20160320_170409.jpg,Luang Prabang | Laos,fotosDetalles,,,,,2017-04-03 03:23:09.742029,2017-04-03 03:23:09.742029
120,Usar Gafas,https://bitacoradelmotoneto.files.wordpress.com/2017/04/moscu-20140719_200556.jpg,Moscu | Rusia,fotosDetalles,,,,,2017-04-03 03:24:54.708809,2017-04-03 03:24:54.708809
121,Brooklin,https://bitacoradelmotoneto.files.wordpress.com/2017/04/newyork-20160211_205005.jpg,New York | USA,fotosDetalles,,,,,2017-04-03 03:25:26.312394,2017-04-03 03:25:26.312394
122,Calle Arroyo,https://bitacoradelmotoneto.files.wordpress.com/2017/04/retiro-20120603_142716.jpg,Buenos Aires | Argentina,fotosDetalles,,,,,2017-04-03 03:28:18.744827,2017-04-03 03:28:18.744827
124,Cúpula,https://bitacoradelmotoneto.files.wordpress.com/2017/04/suzdal-20140721_171229.jpg,Susdal | Rusia,fotosDetalles,,,,,2017-04-03 03:31:23.691347,2017-04-03 03:31:23.691347
125,Templo,https://bitacoradelmotoneto.files.wordpress.com/2017/04/tam-coc-20160309_142519.jpg,Tam Coc | Vietnam,fotosDetalles,,,,,2017-04-03 03:32:59.564348,2017-04-03 03:32:59.564348
126,Parqueadero,https://bitacoradelmotoneto.files.wordpress.com/2017/04/vang-vieng-20160324_073016.jpg,Vang Vieng | Laos,fotosDetalles,,,,,2017-04-03 03:33:59.895032,2017-04-03 03:33:59.895032
127,Albertina,https://bitacoradelmotoneto.files.wordpress.com/2017/04/wien-20140524_061436.jpg,Viena | Austria,fotosDetalles,,,,,2017-04-03 03:34:32.237872,2017-04-03 03:34:32.237872
128,Iliniza,https://bitacoradelmotoneto.files.wordpress.com/2017/04/dia-15-20111116_082154.jpg,Cotopaxi | Ecuador,fotosPaisajes,,,,,2017-04-03 04:06:04.830525,2017-04-03 04:06:04.830525
129,Cementerio,https://bitacoradelmotoneto.files.wordpress.com/2017/04/dia-30-20111201_082138.jpg,Puno | Perú,fotosPaisajes,,,,,2017-04-03 04:11:14.317713,2017-04-03 04:11:14.317713
130,Salinas Grandes,https://bitacoradelmotoneto.files.wordpress.com/2017/04/dia-41-20111212_140237.jpg,Jujuy | Argentina,fotosPaisajes,,,,,2017-04-03 04:13:53.197826,2017-04-03 04:13:53.197826
131,Pájaros,https://bitacoradelmotoneto.files.wordpress.com/2017/04/dia-107-20120216_192403.jpg,Concepción | Chile,fotosPaisajes,,,,,2017-04-03 04:15:50.250026,2017-04-03 04:15:50.250026
132,Paisaje Mañanero,https://bitacoradelmotoneto.files.wordpress.com/2017/04/dia-108-20120217_104008.jpg,Bio Bio | Chile,fotosPaisajes,,,,,2017-04-03 04:17:20.204241,2017-04-03 04:17:20.204241
133,Lanín,https://bitacoradelmotoneto.files.wordpress.com/2017/04/dia-111-20120220_122731.jpg,Mamuil Malal | Chile,fotosPaisajes,,,,,2017-04-03 04:21:03.153181,2017-04-03 04:21:03.153181
134,Huechulafquen,https://bitacoradelmotoneto.files.wordpress.com/2017/04/dia-111-20120220_174407.jpg,Huechulafquen | Argentina,fotosPaisajes,,,,,2017-04-03 04:21:57.763573,2017-04-03 04:21:57.763573
135,Nahuel Huapi,https://bitacoradelmotoneto.files.wordpress.com/2017/04/dia-113-20120222_191927.jpg,Bariloche | Argentina,fotosPaisajes,,,,,2017-04-03 04:24:04.312163,2017-04-03 04:24:04.312163
136,Caminito,https://bitacoradelmotoneto.files.wordpress.com/2017/04/dia-117-20120226_122322.jpg,Llao Llao | Argentina,fotosPaisajes,,,,,2017-04-03 04:25:08.630698,2017-04-03 04:25:08.630698
137,Ruta 40,https://bitacoradelmotoneto.files.wordpress.com/2017/04/dia-122-20120302_094753.jpg,Gobernador Gregores | Argentina,fotosPaisajes,,,,,2017-04-03 04:27:32.153582,2017-04-03 04:27:32.153582
138,Fiordos,https://bitacoradelmotoneto.files.wordpress.com/2017/04/dia-125-20120305_185059.jpg,Puerto Natales | Chile,fotosPaisajes,,,,,2017-04-03 04:29:27.711545,2017-04-03 04:29:27.711545
139,Pto Natales,https://bitacoradelmotoneto.files.wordpress.com/2017/04/dia-126-20120306_105126.jpg,Puerto Natales | Chile,fotosPaisajes,,,,,2017-04-03 04:32:14.838426,2017-04-03 04:32:14.838426
140,Árbol Patagónico,https://bitacoradelmotoneto.files.wordpress.com/2017/04/dia-128-20120308_111246.jpg,Bahía Inutil | Chile,fotosPaisajes,,,,,2017-04-03 04:34:14.372256,2017-04-03 04:34:14.372256
141,Pinguino Rey,https://bitacoradelmotoneto.files.wordpress.com/2017/04/dia-128-20120308_115405.jpg,Tierra de Fuego | Chile,fotosPaisajes,,,,,2017-04-03 04:36:37.440022,2017-04-03 04:36:37.440022
142,Descansadero,https://bitacoradelmotoneto.files.wordpress.com/2017/04/dia-156-20121010_112324.jpg,Punta del Diablo | Uruguay,fotosPaisajes,,,,,2017-04-03 04:37:16.112339,2017-04-03 04:37:16.112339
143,Muelle,https://bitacoradelmotoneto.files.wordpress.com/2017/04/dia-219-20130221_123353.jpg,Fortaleza | Brasil,fotosPaisajes,,,,,2017-04-03 04:39:20.428962,2017-04-03 04:39:20.428962
144,Por do Sol,https://bitacoradelmotoneto.files.wordpress.com/2017/04/dia-220-20130222_173442.jpg,Jericoacoara | Brasil,fotosPaisajes,,,,,2017-04-03 04:40:06.961315,2017-04-03 04:40:06.961315
145,Simetría,https://bitacoradelmotoneto.files.wordpress.com/2017/04/dia-223-20130225_131431_01.jpg,Jericoacoara | Brasil,fotosPaisajes,,,,,2017-04-03 04:42:37.977002,2017-04-03 04:42:37.977002
146,Os Lençois,https://bitacoradelmotoneto.files.wordpress.com/2017/04/dia-225-20130227_170526.jpg,Lençois Maranhenses | Brasil,fotosPaisajes,,,,,2017-04-03 04:43:45.437001,2017-04-03 04:43:45.437001
147,Atardecer,https://bitacoradelmotoneto.files.wordpress.com/2017/04/dia-236-20130310_185625.jpg,Amazonas | Brasil,fotosPaisajes,,,,,2017-04-03 04:44:17.269414,2017-04-03 04:44:17.269414
148,El Río,https://bitacoradelmotoneto.files.wordpress.com/2017/04/dia-241-242-20130315_184214.jpg,Amazonas | Brasil,fotosPaisajes,,,,,2017-04-03 04:45:29.071832,2017-04-03 04:45:29.071832
149,Grand Canyon,https://bitacoradelmotoneto.files.wordpress.com/2017/04/grand-canyon_20161229_175709.jpg,Arizona | USA,fotosPaisajes,,,,,2017-04-03 04:47:12.2064,2017-04-03 04:47:12.2064
150,Sitios de Pesca,https://bitacoradelmotoneto.files.wordpress.com/2017/04/hai-van-pass-20160303_111414.jpg,Hai Van | Vietnam,fotosPaisajes,,,,,2017-04-03 04:49:26.530216,2017-04-03 04:49:26.530216
151,Sal,https://bitacoradelmotoneto.files.wordpress.com/2017/04/kapadokia-20140603_122304.jpg,Pamukkale | Turquía,fotosPaisajes,,,,,2017-04-03 04:51:12.203377,2017-04-03 04:51:12.203377
152,Sobra,https://bitacoradelmotoneto.files.wordpress.com/2017/04/mljet-20140623_121004.jpg,Mljet | Croacia,fotosPaisajes,,,,,2017-04-03 04:51:39.840923,2017-04-03 04:51:39.840923
153,El Mekong,https://bitacoradelmotoneto.files.wordpress.com/2017/04/nong-khiaw-20160319_184411.jpg,Nong Khiaw | Laos,fotosPaisajes,,,,,2017-04-03 04:52:54.789948,2017-04-03 04:52:54.789948
154,Riviere Doubs,https://bitacoradelmotoneto.files.wordpress.com/2017/04/rivieredoubs-20160505_121430.jpg,Riviere Doubs | Francia,fotosPaisajes,,,,,2017-04-03 04:54:39.711067,2017-04-03 04:54:39.711067
155,Le Fief,https://bitacoradelmotoneto.files.wordpress.com/2017/04/rivieredoubs-20160505_145421.jpg,Riviere Doubs | Suiza,fotosPaisajes,,,,,2017-04-03 04:56:26.791888,2017-04-03 04:56:26.791888
156,Arrozales,https://bitacoradelmotoneto.files.wordpress.com/2017/04/tam-coc-20160309_112354.jpg,Tam Coc | Vietnam,fotosPaisajes,,,,,2017-04-03 04:57:04.604988,2017-04-03 04:57:04.604988
157,Valbona,https://bitacoradelmotoneto.files.wordpress.com/2017/04/valbonecc88-20140608_122527.jpg,Valbona | Albania,fotosPaisajes,,,,,2017-04-03 04:57:44.121811,2017-04-03 04:57:44.121811
158,Teth,https://bitacoradelmotoneto.files.wordpress.com/2017/04/valbonecc88-20140608_134844.jpg,Teth | Albania,fotosPaisajes,,,,,2017-04-03 04:58:14.305923,2017-04-03 04:58:14.305923
159,Caminito,https://bitacoradelmotoneto.files.wordpress.com/2017/04/zion_20161225_193812.jpg,Zion | USA,fotosPaisajes,,,,,2017-04-03 04:58:51.550193,2017-04-03 04:58:51.550193
160,Atardecer,https://bitacoradelmotoneto.files.wordpress.com/2017/04/zion_20161226_232337.jpg,Zion | USA,fotosPaisajes,,,,,2017-04-03 05:00:32.589463,2017-04-03 05:00:32.589463
161,El Dragón,https://bitacoradelmotoneto.files.wordpress.com/2017/04/da-nang-20160302_160913.jpg,Da Nang | Vietnam,fotosPaisajes,,,,,2017-04-03 05:01:23.361338,2017-04-03 05:01:23.361338
162,Brot desous,https://bitacoradelmotoneto.files.wordpress.com/2017/04/creuxduvan-20150315_151144.jpg,La Creux du Van | Suiza,fotosPaisajes,,,,,2017-04-03 05:02:23.72125,2017-04-03 05:02:23.72125
163,Lan Ha Bay ,https://bitacoradelmotoneto.files.wordpress.com/2017/04/cat-ba-20160311_111342.jpg,Cat Ba | Vietnam,fotosPaisajes,,,,,2017-04-03 05:04:00.424439,2017-04-03 05:04:00.424439
164,Reflejos,https://bitacoradelmotoneto.files.wordpress.com/2017/04/bohinj-20140710_155615.jpg,Bohinj | Eslovenia,fotosPaisajes,,,,,2017-04-03 05:05:35.056912,2017-04-03 05:05:35.056912
165,Aletschgletscher,https://bitacoradelmotoneto.files.wordpress.com/2017/04/aletsch-20160601_150011.jpg,Aletschgletscher | Suiza,fotosPaisajes,,,,,2017-04-03 05:06:05.147982,2017-04-03 05:06:34.244761
166,Cusco,https://bitacoradelmotoneto.files.wordpress.com/2017/04/dia-23-20111124_140603.jpg,Cusco | Perú,fotosUrbano,,,,,2017-04-03 18:42:56.271844,2017-04-03 18:42:56.271844
167,Río Mayo,https://bitacoradelmotoneto.files.wordpress.com/2017/04/dia-120-20120229_123618.jpg,Patagonia | Argentina,fotosUrbano,,,,,2017-04-03 18:43:30.116305,2017-04-03 18:43:30.116305
168,Szabadsag Hid,https://bitacoradelmotoneto.files.wordpress.com/2017/04/budapest-20140519_044036.jpg,Budapest | Hungría,fotosUrbano,,,,,2017-04-03 18:44:17.59895,2017-04-03 18:44:17.59895
169,Roche,https://bitacoradelmotoneto.files.wordpress.com/2017/04/basel-20150306_160623_web.jpg,Basel | Suiza,fotosUrbano,,,,,2017-04-03 18:47:50.038002,2017-04-03 18:47:50.038002
170,Bruma,https://bitacoradelmotoneto.files.wordpress.com/2017/04/dia-152-20121006_134911.jpg,Montevideo | Uruguay,fotosUrbano,,,,,2017-04-03 18:48:19.529945,2017-04-03 18:48:19.529945
171,Terraza,https://bitacoradelmotoneto.files.wordpress.com/2017/04/dia-160-20121014_140128.jpg,Porto Alegre | Brasil,fotosUrbano,,,,,2017-04-03 18:48:49.200307,2017-04-03 18:48:49.200307
172,La Puerta,https://bitacoradelmotoneto.files.wordpress.com/2017/04/dia-229-20130303_142314.jpg,Alcántara | Brasil,fotosUrbano,,,,,2017-04-03 18:49:30.590979,2017-04-03 18:49:30.590979
173,Escaleras,https://bitacoradelmotoneto.files.wordpress.com/2017/04/dorfen-20151211_202810.jpg,Jericó | Colombia,fotosUrbano,,,,,2017-04-03 18:49:58.94841,2017-04-03 18:49:58.94841
174,Muralla,https://bitacoradelmotoneto.files.wordpress.com/2017/04/hue-20160303_141629.jpg,Hue | Vietnam,fotosUrbano,,,,,2017-04-03 18:50:23.582528,2017-04-03 18:50:23.582528
175,Cisterna,https://bitacoradelmotoneto.files.wordpress.com/2017/04/istambul-20140528_162410.jpg,Istambul | Turquía,fotosUrbano,,,,,2017-04-03 18:50:48.661139,2017-04-03 18:50:48.661139
176,Cielo,https://bitacoradelmotoneto.files.wordpress.com/2017/04/kazan-20140725_141515.jpg,Kazan | Rusia,fotosUrbano,,,,,2017-04-03 18:51:14.050318,2017-04-03 18:51:14.050318
177,El Cono,https://bitacoradelmotoneto.files.wordpress.com/2017/04/kocc88ln-20150510_180429.jpg,Koln | Alemanía,fotosUrbano,,,,,2017-04-03 18:51:42.359901,2017-04-03 18:51:42.359901
178,Calle,https://bitacoradelmotoneto.files.wordpress.com/2017/04/montevideo-20120609_164412.jpg,Montevideo | Uruguay,fotosUrbano,,,,,2017-04-03 18:52:11.556711,2017-04-03 18:52:11.556711
179,Gorky Park,https://bitacoradelmotoneto.files.wordpress.com/2017/04/moscu-20140716_225715.jpg,Moscú | Rusia,fotosUrbano,,,,,2017-04-03 18:52:37.149298,2017-04-03 18:52:37.149298
180,Niteroi,https://bitacoradelmotoneto.files.wordpress.com/2017/04/rio-20120802_133459.jpg,Rio de Janeiro | Brasil,fotosUrbano,,,,,2017-04-03 18:53:07.818004,2017-04-03 18:53:07.818004
181,Cemento,https://bitacoradelmotoneto.files.wordpress.com/2017/04/rivieredoubs-20160505_175454.jpg,La Chaux de Fonds | Suiza,fotosUrbano,,,,,2017-04-03 18:53:39.868513,2017-04-03 18:53:39.868513
182,Lluvia,https://bitacoradelmotoneto.files.wordpress.com/2017/04/singapore-20160220_041643.jpg,Singapore,fotosUrbano,,,,,2017-04-03 18:54:06.585605,2017-04-03 18:54:06.585605
183,Puentes,https://bitacoradelmotoneto.files.wordpress.com/2017/04/singapore-20160220_061103.jpg,Singapore,fotosUrbano,,,,,2017-04-03 18:55:34.42685,2017-04-03 18:55:34.42685
184,Escaleras,https://bitacoradelmotoneto.files.wordpress.com/2017/04/singapore-20160221_131519.jpg,Singapore,fotosUrbano,,,,,2017-04-03 18:55:58.083498,2017-04-03 18:55:58.083498
185,Texturas,https://bitacoradelmotoneto.files.wordpress.com/2017/04/singapore-20160221_124306.jpg,Singapore,fotosUrbano,,,,,2017-04-03 18:56:16.98657,2017-04-03 18:56:16.98657
186,Piramide,https://bitacoradelmotoneto.files.wordpress.com/2017/04/tirana-20140604_161617.jpg,Tirana | Albania,fotosUrbano,,,,,2017-04-03 18:56:41.966198,2017-04-03 18:56:41.966198
187,Batista,https://bitacoradelmotoneto.files.wordpress.com/2017/04/vegas_20161228_003053.jpg,Las Vegas | USA,fotosUrbano,,,,,2017-04-03 18:57:27.866355,2017-04-03 18:57:27.866355
188,Poste,https://bitacoradelmotoneto.files.wordpress.com/2017/04/wien-20140525_063400.jpg,Viena | Austria,fotosUrbano,,,,,2017-04-03 18:57:50.266523,2017-04-03 18:57:50.266523
189,Río,https://bitacoradelmotoneto.files.wordpress.com/2017/04/bremen-20160412_143214.jpg,Bremen | Alemania,fotosTexturas,,,,,2017-04-03 19:07:53.907154,2017-04-03 19:07:53.907154
190,Mar,https://bitacoradelmotoneto.files.wordpress.com/2017/04/dia-25-20111126_121258_01.jpg,Ballestas | Perú,fotosTexturas,,,,,2017-04-03 19:08:32.298583,2017-04-03 19:08:32.298583
191,Lago,https://bitacoradelmotoneto.files.wordpress.com/2017/04/dia-31-20111202_075046.jpg,Puno | Perú,fotosTexturas,,,,,2017-04-03 19:08:52.64785,2017-04-03 19:08:52.64785
192,Sal,https://bitacoradelmotoneto.files.wordpress.com/2017/04/dia-40-20111211_115752.jpg,Atacama | Chile,fotosTexturas,,,,,2017-04-03 19:09:18.771002,2017-04-03 19:09:18.771002
193,Madera,https://bitacoradelmotoneto.files.wordpress.com/2017/04/dia-107-20120216_165148.jpg,Concepción | Chile,fotosTexturas,,,,,2017-04-03 19:09:43.987285,2017-04-03 19:09:43.987285
194,Hielo,https://bitacoradelmotoneto.files.wordpress.com/2017/04/dia-123-20120303_115754.jpg,Perito Moreno | Argentina,fotosTexturas,,,,,2017-04-03 19:10:09.217669,2017-04-03 19:10:09.217669
195,Arena,https://bitacoradelmotoneto.files.wordpress.com/2017/04/dia-225-20130227_151549.jpg,Lençois Maranhenses | Brasil,fotosTexturas,,,,,2017-04-03 19:10:45.885651,2017-04-03 19:10:45.885651
196,Arena,https://bitacoradelmotoneto.files.wordpress.com/2017/04/dia-225-20130227_151817.jpg,Lençois Maranhenses | Brasil,fotosTexturas,,,,,2017-04-03 19:11:23.151744,2017-04-03 19:11:23.151744
197,Selva,https://bitacoradelmotoneto.files.wordpress.com/2017/04/dia-237-238-20130312_110901ph_01.jpg,Flona | Brasil,fotosTexturas,,,,,2017-04-03 19:11:48.15355,2017-04-03 19:11:48.15355
198,Piedras,https://bitacoradelmotoneto.files.wordpress.com/2017/04/dia-259-260-20130403_170747.jpg,Canaima | Venezuela,fotosTexturas,,,,,2017-04-03 19:12:12.989034,2017-04-03 19:12:12.989034
199,Tela,https://bitacoradelmotoneto.files.wordpress.com/2017/04/dien-bien-phu-20160316_140338.jpg,Dien Bien Phu | Vietnam,fotosTexturas,,,,,2017-04-03 19:12:36.532224,2017-04-03 19:12:36.532224
200,Tierra,https://bitacoradelmotoneto.files.wordpress.com/2017/04/grand-canyon_20161229_175526.jpg,Grand Canyon | USA,fotosTexturas,,,,,2017-04-03 19:13:10.333456,2017-04-03 19:13:10.333456
201,Cerámica,https://bitacoradelmotoneto.files.wordpress.com/2017/04/hong-kong-20160217_061910.jpg,Hong Kong,fotosTexturas,,,,,2017-04-03 19:13:28.365454,2017-04-03 19:13:28.365454
202,Cerámica,https://bitacoradelmotoneto.files.wordpress.com/2017/04/istambul-20140527_162655.jpg,Istambul | Turquía,fotosTexturas,,,,,2017-04-03 19:13:51.160796,2017-04-03 19:13:51.160796
203,Figuras,https://bitacoradelmotoneto.files.wordpress.com/2017/04/istambul-20140528_100859.jpg,Istambul | Turquía,fotosTexturas,,,,,2017-04-03 19:14:13.791445,2017-04-03 19:14:13.791445
204,Muro,https://bitacoradelmotoneto.files.wordpress.com/2017/04/kapadokia-20140601_130737.jpg,Kapadokia | Turquía,fotosTexturas,,,,,2017-04-03 19:14:58.356013,2017-04-03 19:14:58.356013
205,Marcas,https://bitacoradelmotoneto.files.wordpress.com/2017/04/kapadokia-20140603_101230.jpg,Hierapolis | Turquía,fotosTexturas,,,,,2017-04-03 19:16:13.99934,2017-04-03 19:16:13.99934
206,Sal,https://bitacoradelmotoneto.files.wordpress.com/2017/04/kapadokia-20140603_121335.jpg,Pamukkale | Turquía,fotosTexturas,,,,,2017-04-03 19:16:35.308095,2017-04-03 19:16:35.308095
207,Sal y Agua,https://bitacoradelmotoneto.files.wordpress.com/2017/04/kapadokia-20140603_121358.jpg,Pamukkale | Turquía,fotosTexturas,,,,,2017-04-03 19:16:59.268425,2017-04-03 19:16:59.268425
208,Cereal,https://bitacoradelmotoneto.files.wordpress.com/2017/04/liestal-20160527_133337.jpg,Basel | Suiza,fotosTexturas,,,,,2017-04-03 19:17:21.738687,2017-04-03 19:17:21.738687
209,Agua,https://bitacoradelmotoneto.files.wordpress.com/2017/04/milano-20160523_132148.jpg,Milano | Italia,fotosTexturas,,,,,2017-04-03 19:17:51.313956,2017-04-03 19:17:51.313956
210,Víctimas,https://bitacoradelmotoneto.files.wordpress.com/2017/04/moscu-20140716_194234.jpg,Moscú | Rusia,fotosTexturas,,,,,2017-04-03 19:18:14.092085,2017-04-03 19:18:14.092085
211,Arroz,https://bitacoradelmotoneto.files.wordpress.com/2017/04/phong-nha-20160304_153847.jpg,Phong Nha | Vietnam,fotosTexturas,,,,,2017-04-03 19:18:43.316817,2017-04-03 19:18:43.316817
212,Madera,https://bitacoradelmotoneto.files.wordpress.com/2017/04/rio-20120807_101316.jpg,Jacarei | Brasil,fotosTexturas,,,,,2017-04-03 19:19:12.533133,2017-04-03 19:19:12.533133
213,Sombra,https://bitacoradelmotoneto.files.wordpress.com/2017/04/rio-20120807_123934.jpg,Ilha Grande | Brasil,fotosTexturas,,,,,2017-04-03 19:19:36.320411,2017-04-03 19:19:36.320411
214,Tocineta,https://bitacoradelmotoneto.files.wordpress.com/2017/04/singapore-20160220_023303.jpg,Singapore,fotosTexturas,,,,,2017-04-03 19:20:05.868487,2017-04-03 19:20:05.868487
215,Hojas,https://bitacoradelmotoneto.files.wordpress.com/2017/04/tam-coc-20160308_141334.jpg,Tam Coc | Vietnam,fotosTexturas,,,,,2017-04-03 19:20:32.379683,2017-04-03 19:20:32.379683
216,Recuerdos,https://bitacoradelmotoneto.files.wordpress.com/2017/04/tirana-20140604_161637.jpg,Tirana | Albania,fotosTexturas,,,,,2017-04-03 19:20:52.771934,2017-04-03 19:20:52.771934
217,Río,https://bitacoradelmotoneto.files.wordpress.com/2017/04/vang-vieng-20160324_073002.jpg,Vang Vieng | Laos,fotosTexturas,,,,,2017-04-03 19:21:27.391352,2017-04-03 19:21:27.391352
218,Río ,https://bitacoradelmotoneto.files.wordpress.com/2017/04/vang-vieng-20160324_073007.jpg,Vang Vieng | Laos,fotosTexturas,,,,,2017-04-03 19:21:49.661232,2017-04-03 19:21:49.661232
219,Beagle Channel,https://bitacoradelmotoneto.files.wordpress.com/2017/04/dia-130-20120310_171753.jpg,Ushuaia | Argentina,fotosMuelles,,,,,2017-04-04 00:40:01.018868,2017-04-04 00:40:01.018868
220,Lago Guillelmo,https://bitacoradelmotoneto.files.wordpress.com/2017/04/dia-118-20120227_102946.jpg,Río Negro | Argentina,fotosMuelles,,,,,2017-04-04 00:41:31.885071,2017-04-04 00:41:31.885071
221,Scapha,https://bitacoradelmotoneto.files.wordpress.com/2017/04/basel-20150222_142545_web.jpg,Basel | Suiza,fotosMuelles,,,,,2017-04-04 00:42:01.475307,2017-04-04 00:42:01.475307
222,Ukanc,https://bitacoradelmotoneto.files.wordpress.com/2017/04/bohinj-20140710_155634.jpg,Bohinj | Eslovenia,fotosMuelles,,,,,2017-04-04 00:43:13.774449,2017-04-04 00:43:13.774449
223,Cat Ba,https://bitacoradelmotoneto.files.wordpress.com/2017/04/cat-ba-20160310_172537.jpg,Cat Ba | Vietnam,fotosMuelles,,,,,2017-04-04 00:44:31.415974,2017-04-04 00:44:31.415974
224,Barco,https://bitacoradelmotoneto.files.wordpress.com/2017/04/cat-ba-20160310_173057.jpg,Cat Ba | Vietnam,fotosMuelles,,,,,2017-04-04 00:45:23.295273,2017-04-04 00:45:23.295273
225,Coliumo,https://bitacoradelmotoneto.files.wordpress.com/2017/04/dia-107-20120216_161932_01.jpg,Concepción | Chile,fotosMuelles,,,,,2017-04-04 00:48:44.136258,2017-04-04 00:48:44.136258
226,Río Villarino,https://bitacoradelmotoneto.files.wordpress.com/2017/04/dia-113-20120222_131109.jpg,Neuquén | Argentino,fotosMuelles,,,,,2017-04-04 00:53:16.355638,2017-04-04 00:53:16.355638
227,Lago Espejo,https://bitacoradelmotoneto.files.wordpress.com/2017/04/dia-114-20120223_191103.jpg,Neuquén | Argentina,fotosMuelles,,,,,2017-04-04 00:54:21.514348,2017-04-04 00:54:21.514348
228,Magallanes,https://bitacoradelmotoneto.files.wordpress.com/2017/04/dia-124-20120304_181904.jpg,Punta Arenas | Chile,fotosMuelles,,,,,2017-04-04 00:55:24.611174,2017-04-04 00:55:24.611174
229,Torres del Paine,https://bitacoradelmotoneto.files.wordpress.com/2017/04/dia-125-20120305_151412.jpg,Puerto Natales | Chile,fotosMuelles,,,,,2017-04-04 00:56:13.212976,2017-04-04 00:56:13.212976
230,Magallanes,https://bitacoradelmotoneto.files.wordpress.com/2017/04/dia-126-20120306_174816.jpg,Punta Arenas | Chile,fotosMuelles,,,,,2017-04-04 01:21:07.722391,2017-04-04 01:21:07.722391
231,Beagle,https://bitacoradelmotoneto.files.wordpress.com/2017/04/dia-130-20120310_172151.jpg,Ushuaia | Argentina,fotosMuelles,,,,,2017-04-04 01:21:42.793624,2017-04-04 01:21:42.793624
232,Ponte Dos Ingleses,https://bitacoradelmotoneto.files.wordpress.com/2017/04/dia-219-20130221_121831.jpg,Fortaleza | Brasil,fotosMuelles,,,,,2017-04-04 01:23:14.93546,2017-04-04 01:23:14.93546
233,Prea,https://bitacoradelmotoneto.files.wordpress.com/2017/04/dia-220-20130222_134709.jpg,Prea | Brasil,fotosMuelles,,,,,2017-04-04 01:23:43.923038,2017-04-04 01:23:43.923038
234,Reflejos,https://bitacoradelmotoneto.files.wordpress.com/2017/04/dia-221-20130223_173458.jpg,Jericoacoara | Brasil,fotosMuelles,,,,,2017-04-04 01:24:08.262264,2017-04-04 01:24:08.262264
235,Ponte Dos Ingleses,https://bitacoradelmotoneto.files.wordpress.com/2017/04/dia-219-20130221_122005_01.jpg,Fortaleza | Brasil,fotosMuelles,,,,,2017-04-04 01:24:33.382174,2017-04-04 01:24:33.382174
236,Rio Preguiça,https://bitacoradelmotoneto.files.wordpress.com/2017/04/dia-224-20130226_210126.jpg,Barreirinhas | Brasil,fotosMuelles,,,,,2017-04-04 01:37:45.556862,2017-04-04 01:37:45.556862
237,Flona,https://bitacoradelmotoneto.files.wordpress.com/2017/04/dia-237-238-20130311_212414.jpg,Alter Do Chao | Brasil,fotosMuelles,,,,,2017-04-04 01:38:40.172067,2017-04-04 01:38:40.172067
238,Estanque,https://bitacoradelmotoneto.files.wordpress.com/2017/04/dia-244-20130319_085102.jpg,Amazonas | Brasil,fotosMuelles,,,,,2017-04-04 01:42:13.682943,2017-04-04 01:42:13.682943
239,Gloria,https://bitacoradelmotoneto.files.wordpress.com/2017/04/gloria-20130108_182415.jpg,Rio de Janeiro | Brasil,fotosMuelles,,,,,2017-04-04 01:45:19.556046,2017-04-04 01:45:19.556046
240,Ullanlinna,https://bitacoradelmotoneto.files.wordpress.com/2017/04/helsinki-20140805_183916.jpg,Helsinki | Finlandia,fotosMuelles,,,,,2017-04-04 01:47:03.15454,2017-04-04 01:47:03.15454
241,Rheinvogel,https://bitacoradelmotoneto.files.wordpress.com/2017/04/kocc88ln-20150510_163659.jpg,Koln | Alemania,fotosMuelles,,,,,2017-04-04 01:49:50.981623,2017-04-04 01:49:50.981623
242,Pescador,https://bitacoradelmotoneto.files.wordpress.com/2017/04/phong-nha-20160306_104426.jpg,Phong Nha | Vietnam,fotosMuelles,,,,,2017-04-04 01:50:34.958184,2017-04-04 01:50:34.958184
243,Camaroneras,https://bitacoradelmotoneto.files.wordpress.com/2017/04/quy-nhon-20160228_100340.jpg,Quy Nhon | Vietnam,fotosMuelles,,,,,2017-04-04 01:51:54.199122,2017-04-04 01:51:54.199122
244,Trang An,https://bitacoradelmotoneto.files.wordpress.com/2017/04/tam-coc-20160307_172824.jpg,Tam Coc | Vietnam,fotosMuelles,,,,,2017-04-04 01:52:18.49036,2017-04-04 01:52:18.49036
245,Trang An,https://bitacoradelmotoneto.files.wordpress.com/2017/04/tam-coc-20160307_172524.jpg,Tam Coc | Vietnam,fotosMuelles,,,,,2017-04-04 01:52:56.350824,2017-04-04 01:52:56.350824
246,Arbol,https://bitacoradelmotoneto.files.wordpress.com/2017/04/creuxduvan-20150315_151632.jpg,La Creux du Van | Suiza,fotosCuadrados,,,,,2017-04-04 01:59:13.782525,2017-04-04 01:59:13.782525
247,Cactus,https://bitacoradelmotoneto.files.wordpress.com/2017/04/dia-23-20111124_115948.jpg,Cusco | Perú,fotosCuadrados,,,,,2017-04-04 01:59:49.530975,2017-04-04 01:59:49.530975
248,Moquegua,https://bitacoradelmotoneto.files.wordpress.com/2017/04/dia-27-20111128_134435.jpg,Chalá | Perú,fotosCuadrados,,,,,2017-04-04 02:01:02.589621,2017-04-04 02:01:02.589621
249,Chalá,https://bitacoradelmotoneto.files.wordpress.com/2017/04/dia-27-20111128_164821.jpg,Chalá | Perú,fotosCuadrados,,,,,2017-04-04 02:01:40.68568,2017-04-04 02:01:40.68568
250,Arequipa,https://bitacoradelmotoneto.files.wordpress.com/2017/04/dia-28-20111129_105746.jpg,Arequipa | Perú,fotosCuadrados,,,,,2017-04-04 02:03:41.6687,2017-04-04 02:03:41.6687
251,Titicaca,https://bitacoradelmotoneto.files.wordpress.com/2017/04/dia-31-20111202_121237.jpg,Puno | Perú,fotosCuadrados,,,,,2017-04-04 02:04:09.081059,2017-04-04 02:04:09.081059
252,Vicuñas,https://bitacoradelmotoneto.files.wordpress.com/2017/04/dia-32-20111203_112905.jpg,Tacna | Perú,fotosCuadrados,,,,,2017-04-04 02:05:19.280528,2017-04-04 02:05:19.280528
253,Atacama,https://bitacoradelmotoneto.files.wordpress.com/2017/04/dia-35-20111206_112441.jpg,Arica | Chile,fotosCuadrados,,,,,2017-04-04 02:08:18.551096,2017-04-04 02:08:18.551096
254,Ventana,https://bitacoradelmotoneto.files.wordpress.com/2017/04/dia-109-20120218_190247.jpg,Villarrica | Chile,fotosCuadrados,,,,,2017-04-04 02:08:53.010202,2017-04-04 02:08:53.010202
255,Erosión,https://bitacoradelmotoneto.files.wordpress.com/2017/04/dia-120-20120229_100820.jpg,Santa Cruz | Argentina,fotosCuadrados,,,,,2017-04-04 02:10:48.273989,2017-04-04 02:10:48.273989
256,Lago Argentino,https://bitacoradelmotoneto.files.wordpress.com/2017/04/dia-123-20120303_131308.jpg,Calafate | Argentina,fotosCuadrados,,,,,2017-04-04 02:11:41.118498,2017-04-04 02:11:41.118498
257,Latas,https://bitacoradelmotoneto.files.wordpress.com/2017/04/dia-124-20120304_174818.jpg,Puerto Natales | Chile,fotosCuadrados,,,,,2017-04-04 02:12:23.474317,2017-04-04 02:12:23.474317
258,Barcos,https://bitacoradelmotoneto.files.wordpress.com/2017/04/dia-124-20120304_183138.jpg,Puerto Natales | Chile,fotosCuadrados,,,,,2017-04-04 02:12:56.99443,2017-04-04 02:12:56.99443
259,Pájaros,https://bitacoradelmotoneto.files.wordpress.com/2017/04/dia-126-20120306_174432.jpg,Punta Arenas | Chile,fotosCuadrados,,,,,2017-04-04 02:13:24.814407,2017-04-04 02:13:24.814407
260,Reflejos,https://bitacoradelmotoneto.files.wordpress.com/2017/04/dia-168-20121022_110443.jpg,Curitiba | Brasil,fotosCuadrados,,,,,2017-04-04 02:13:50.710777,2017-04-04 02:13:50.710777
261,Trancoso,https://bitacoradelmotoneto.files.wordpress.com/2017/04/dia-203-20130205_161122.jpg,Arraial d'ajuda,fotosCuadrados,,,,,2017-04-04 02:14:21.91967,2017-04-04 02:14:21.91967
262,Simetría,https://bitacoradelmotoneto.files.wordpress.com/2017/04/dia-223-20130225_124640.jpg,Jericoacoara | Brasil,fotosCuadrados,,,,,2017-04-04 02:15:03.663218,2017-04-04 02:15:03.663218
263,Canoas,https://bitacoradelmotoneto.files.wordpress.com/2017/04/dia-232-235-20130309_182115.jpg,Alter do Chao | Argentina,fotosCuadrados,,,,,2017-04-04 02:15:37.661113,2017-04-04 02:15:37.661113
264,Atardecer,https://bitacoradelmotoneto.files.wordpress.com/2017/04/dia-236-20130310_185356.jpg,Amazonas | Brasil,fotosCuadrados,,,,,2017-04-04 02:16:10.205803,2017-04-04 02:16:10.205803
265,Give Way,https://bitacoradelmotoneto.files.wordpress.com/2017/04/hong-kong-20160218_083118.jpg,Hong Kong,fotosCuadrados,,,,,2017-04-04 02:16:35.419053,2017-04-04 02:16:35.419053
266,Patos,https://bitacoradelmotoneto.files.wordpress.com/2017/04/innsbruck-20150311_124340.jpg,Innsbruck | Austria,fotosCuadrados,,,,,2017-04-04 02:17:32.808953,2017-04-04 02:17:32.808953
267,Camello,https://bitacoradelmotoneto.files.wordpress.com/2017/04/kapadokia-20140602_144832.jpg,Kapadokya | Turquía,fotosCuadrados,,,,,2017-04-04 02:18:37.481096,2017-04-04 02:18:37.481096
268,Cielos,https://bitacoradelmotoneto.files.wordpress.com/2017/04/kazan-20140726_184455.jpg,Kazan | Rusia,fotosCuadrados,,,,,2017-04-04 02:19:08.209499,2017-04-04 02:19:08.209499
269,Reflejos,https://bitacoradelmotoneto.files.wordpress.com/2017/04/nong-khiaw-20160318_141657.jpg,Nong Khiaw | Laos,fotosCuadrados,,,,,2017-04-04 02:19:41.3091,2017-04-04 02:19:41.3091
270,Bruma,https://bitacoradelmotoneto.files.wordpress.com/2017/04/nong-khiaw-20160319_184602.jpg,Nong Khiaw | Laos,fotosCuadrados,,,,,2017-04-04 02:20:17.829561,2017-04-04 02:20:17.829561
271,Dacha,https://bitacoradelmotoneto.files.wordpress.com/2017/04/suzdal-20140721_174920.jpg,Suzdal | Rusia,fotosCuadrados,,,,,2017-04-04 02:22:12.563854,2017-04-04 02:22:12.563854
272,Escaleras,https://bitacoradelmotoneto.files.wordpress.com/2017/04/tallinn-20140803_115233_01.jpg,Tallinn | Estonia,fotosCuadrados,,,,,2017-04-04 02:22:36.845294,2017-04-04 02:22:36.845294
273,Lámpara,https://bitacoradelmotoneto.files.wordpress.com/2017/04/wien-20140525_113601.jpg,Viena | Austria,fotosCuadrados,,,,,2017-04-04 02:23:47.992369,2017-04-04 02:23:47.992369
274,Hielo,https://bitacoradelmotoneto.files.wordpress.com/2017/04/zion_20161225_195424.jpg,Zion | USA,fotosCuadrados,,,,,2017-04-04 02:24:08.288207,2017-04-04 02:24:08.288207
276,Metamorfosis,https://bitacoradelmotoneto.files.wordpress.com/2017/05/full_process.gif?w=864&h=1156,El proceso completo,fotosGifs,,,,,2017-05-20 19:50:02.667138,2017-05-20 19:50:02.667138
277,Kit Jardin,https://bitacoradelmotoneto.files.wordpress.com/2017/05/jardin.gif?w=800&h=1200,Nueve plantas para sembrar,fotosGifs,,,,,2017-05-20 19:52:25.794593,2017-05-20 19:52:25.794593
278,Kit Gusanos,https://bitacoradelmotoneto.files.wordpress.com/2017/05/kit.gif?w=900&h=1064,Kit con gusanos,fotosGifs,,,,,2017-05-20 19:53:01.136971,2017-05-20 19:53:01.136971
279,Video kit jardineria,https://bitacoradelmotoneto.files.wordpress.com/2017/05/slide_jardin.gif?w=648,Mira como es el proceso,fotosGifs,,,,,2017-05-20 19:53:35.111286,2017-05-20 19:53:35.111286
275,Tarro Pupas,https://bitacoradelmotoneto.files.wordpress.com/2017/05/frasquito.gif?w=648,Envase con pupa de monarca,fotosGifs,,,,,2017-05-20 19:49:01.115173,2017-05-30 04:54:36.226334
281,Tejas Susi,https://bitacoradelmotoneto.files.wordpress.com/2017/05/tejas_slide.gif?w=648,Empaque tejas Susi,fotosGifs,,,,,2017-05-30 04:55:17.237815,2017-05-30 04:55:17.237815
282,Piraña Berebere,https://bitacoradelmotoneto.files.wordpress.com/2017/05/pirancc83a_slide.gif?w=648,Modelo giratorio de la piraña berebere,renderGifs,,,,,2017-06-09 00:15:09.449499,2017-06-09 00:15:09.449499
38,Puente cañonero,https://bitacoradelmotoneto.files.wordpress.com/2017/03/espacios_06.jpg,Barco | V-Ray,spaces,,,,,2017-03-30 04:56:09.098414,2017-06-13 14:20:00.850596
286,Fotografia 360,../panoramicos/pano_02_s/,Fotografia 360,panofotografia,,,,,2017-09-16 22:39:36.862481,2017-09-16 22:39:36.862481
287,Aplicativo con radar,../panoramicos/pano_03_s/,Aplicativo con radar,panoradar,,,,,2017-09-16 22:40:59.96101,2017-09-16 22:40:59.96101
288,Digital 360,../panoramicos/pano_01_s/,Digital 360,panodigital,,,,,2017-09-16 22:45:04.537073,2017-09-16 22:45:04.537073
289,Anillo Oro,http://res.cloudinary.com/lucianouribe/image/upload/v1506432838/joyas_web_01_jnwydd.jpg,Anillo de oro al carbón,fotosJoyas,,,,,2017-09-26 13:38:17.241501,2017-09-26 13:38:17.241501
290,Argollas Matrimonio,http://res.cloudinary.com/lucianouribe/image/upload/v1506432838/joyas_web_02_hop7a2.jpg,Argollas de matrimonio,fotosJoyas,,,,,2017-09-26 13:39:40.324568,2017-09-26 13:39:40.324568
291,Anillo Plata,http://res.cloudinary.com/lucianouribe/image/upload/v1506432838/joyas_web_03_c8mjhy.jpg,Anillo de plata al Carbón,fotosJoyas,,,,,2017-09-26 13:40:23.180631,2017-09-26 13:40:23.180631
292,Argollas de Oro,http://res.cloudinary.com/lucianouribe/image/upload/v1506432838/joyas_web_04_ezlcbd.jpg,Argollas de oro sobre fondo negro,fotosJoyas,,,,,2017-09-26 13:41:12.012011,2017-09-26 13:41:12.012011
293,Anillo Matrimonio,http://res.cloudinary.com/lucianouribe/image/upload/v1506433323/joyas_web_05_x8u7q2.jpg,Anillo Sobre Corcho,fotosJoyas,,,,,2017-09-26 13:42:40.620566,2017-09-26 13:42:40.620566
294,Aretas,http://res.cloudinary.com/lucianouribe/image/upload/v1506432838/joyas_web_06_qejiqp.jpg,Aretas colgando,fotosJoyas,,,,,2017-09-26 13:46:28.100538,2017-09-26 13:46:28.100538
295,Al aire libre,http://res.cloudinary.com/lucianouribe/image/upload/v1506432838/joyas_web_07_phns0h.jpg,Anillo al aire libre,fotosJoyas,,,,,2017-09-26 13:47:12.808767,2017-09-26 13:47:12.808767
296,Sobre frío,http://res.cloudinary.com/lucianouribe/image/upload/v1506432839/joyas_web_08_dd4by4.jpg,Anillo sobre paleta de chocolate,fotosJoyas,,,,,2017-09-26 13:47:55.288547,2017-09-26 13:47:55.288547
297,Sobre alambres,http://res.cloudinary.com/lucianouribe/image/upload/v1506432839/joyas_web_09_ao2rjw.jpg,Anillo sobre alambres,fotosJoyas,,,,,2017-09-26 13:48:44.888529,2017-09-26 13:48:44.888529
298,Morito,http://res.cloudinary.com/lucianouribe/image/upload/v1506432839/joyas_web_10_xgj3rk.jpg,Sobre morito de chocolate blanco,fotosJoyas,,,,,2017-09-26 13:49:26.953821,2017-09-26 13:49:26.953821
299,ChocoBuda,http://res.cloudinary.com/lucianouribe/image/upload/v1506432839/joyas_web_11_wdml6o.jpg,Con buda de fondo,fotosJoyas,,,,,2017-09-26 13:49:59.164394,2017-09-26 13:49:59.164394
300,Entre letras,http://res.cloudinary.com/lucianouribe/image/upload/v1506432839/joyas_web_12_qzxyyk.jpg,Anillo entre el conocimiento,fotosJoyas,,,,,2017-09-26 13:50:55.838702,2017-09-26 13:50:55.838702
301,Fría mora,http://res.cloudinary.com/lucianouribe/image/upload/v1506432839/joyas_web_13_kvqcje.jpg,Anillo con frío y sabor a mora,fotosJoyas,,,,,2017-09-26 13:51:30.792526,2017-09-26 13:51:30.792526
302,Alas colgantes,http://res.cloudinary.com/lucianouribe/image/upload/v1506432839/joyas_web_14_bh86ph.jpg,Aretas colgando,fotosJoyas,,,,,2017-09-26 13:52:07.14453,2017-09-26 13:52:07.14453
303,Estrellitas,http://res.cloudinary.com/lucianouribe/image/upload/v1506432839/joyas_web_15_xvf6y4.jpg,En un cinto,fotosJoyas,,,,,2017-09-26 13:52:45.840534,2017-09-26 13:52:45.840534
304,Anillo anguloso,http://res.cloudinary.com/lucianouribe/image/upload/v1506432840/joyas_web_16_vvibbm.jpg,Fondo anguloso,fotosJoyas,,,,,2017-09-26 13:53:22.864541,2017-09-26 13:53:22.864541
305,Angulos,http://res.cloudinary.com/lucianouribe/image/upload/v1506432840/joyas_web_17_evaejn.jpg,Anillo Anguloso,fotosJoyas,,,,,2017-09-26 14:00:00.190927,2017-09-26 14:00:00.190927
306,Anillo con amor,http://res.cloudinary.com/lucianouribe/image/upload/v1506432840/joyas_web_19_ycarnz.jpg,Juego de sombras,fotosJoyas,,,,,2017-09-26 14:00:50.816653,2017-09-26 14:00:50.816653
307,Anillo sobre óxido,http://res.cloudinary.com/lucianouribe/image/upload/v1506432840/joyas_web_20_xssvzu.jpg,Anillo sobre superficie oxidada,fotosJoyas,,,,,2017-09-26 14:01:22.528596,2017-09-26 14:01:22.528596
308,Naturaleza Eterea,http://res.cloudinary.com/lucianouribe/image/upload/v1506432840/joyas_web_21_qnfyb1.jpg,Juego de sombras,fotosJoyas,,,,,2017-09-26 14:01:51.62875,2017-09-26 14:01:51.62875
309,Musgo,http://res.cloudinary.com/lucianouribe/image/upload/v1506432840/joyas_web_22_apc5yh.jpg,Anillo sobre musgo,fotosJoyas,,,,,2017-09-26 14:02:21.212683,2017-09-26 14:02:21.212683
310,Nudos colgantes,http://res.cloudinary.com/lucianouribe/image/upload/v1506432840/joyas_web_23_itijej.jpg,Fondo verde,fotosJoyas,,,,,2017-09-26 14:02:48.172607,2017-09-26 14:02:48.172607
311,Camaleon,http://res.cloudinary.com/lucianouribe/image/upload/v1506432841/joyas_web_24_pfbyvl.jpg,Anillo sobre zapato camaleónico,fotosJoyas,,,,,2017-09-26 14:03:19.531178,2017-09-26 14:03:19.531178
312,Cinto de plata,http://res.cloudinary.com/lucianouribe/image/upload/v1506432841/joyas_web_26_kfwxk7.jpg,Aretas en cinto,fotosJoyas,,,,,2017-09-26 14:03:47.864445,2017-09-26 14:03:47.864445
313,Nido de plata,http://res.cloudinary.com/lucianouribe/image/upload/v1506432841/joyas_web_25_lnm9gp.jpg,Sobre cinto,fotosJoyas,,,,,2017-09-26 14:04:10.41659,2017-09-26 14:04:10.41659
314,Velero Classe Pirata,http://res.cloudinary.com/lucianouribe/image/upload/v1506520455/Velero_Klasse_Piraten_kjxrjm.gif,Gif | Realizado en 3D-Max | Diseño Propio,renderGifs,,,,,2017-09-27 13:57:44.881021,2017-09-27 13:57:44.881021